dy/dx,ASET_5,ASET_10
CDW,-27.098946,-16.985038
EX,160.180582,121.126935
HRR,-0.018615,-0.018487
SY,-116.098806,27.138668
